City_ID,City,Lat,Lng,Max Temp,Humidity,Cloudiness,Wind Speed,Country,Date
0,Adamstown,-25.066,-130.1015,23.25,84,12,5.85,PN,1702613578
1,Puerto Natales,-51.7236,-72.4875,4.41,91,88,1.47,CL,1702613588
2,Taco Pozo,-25.6167,-63.2833,25.4,80,100,2.19,AR,1702613706
3,Grytviken,-54.2811,-36.5092,3.07,71,2,1.78,GS,1702613578
4,Anadyr,64.75,177.4833,-10.72,85,40,15.0,RU,1702613686
5,Atafu Village,-8.5421,-172.5159,28.18,79,96,6.81,TK,1702613593
6,Whitehorse,60.7161,-135.0538,0.43,93,100,6.17,CA,1702613675
7,Haverfordwest,51.8017,-4.9691,8.36,80,100,3.7,GB,1702613698
8,Puerto Baquerizo Moreno,-0.9,-89.6,23.9,90,27,4.64,EC,1702613708
9,Anguera,-12.151,-39.2453,19.83,97,44,1.28,BR,1702613708
10,Cidreira,-30.1811,-50.2056,22.81,94,100,4.72,BR,1702613696
11,Avarua,-21.2078,-159.775,26.03,73,100,4.12,CK,1702613638
12,Ascension,30.2169,-90.9001,15.0,51,0,3.09,US,1702613709
13,Hachinohe,40.5,141.5,1.0,96,100,1.2,JP,1702613709
14,Hawaiian Paradise Park,19.5933,-154.9731,22.15,79,100,6.17,US,1702613547
15,Aasiaat,68.7098,-52.8699,-22.09,99,84,4.37,GL,1702613710
16,Codrington,-38.2667,141.9667,17.95,52,91,6.35,AU,1702613711
17,West Island,-12.1568,96.8225,29.99,70,82,4.12,CC,1702613685
18,Ribeira Grande,38.5167,-28.7,17.65,94,91,7.15,PT,1702613595
19,Blackmans Bay,-43.0167,147.3167,17.63,50,100,0.89,AU,1702613585
20,Prince George,53.9166,-122.753,-3.54,95,100,3.6,CA,1702613697
21,Kingston,17.997,-76.7936,24.53,96,40,4.12,JM,1702613686
22,Sena Madureira,-9.0656,-68.6569,25.02,91,100,1.26,BR,1702613471
23,Afaahiti,-17.75,-149.2833,27.93,82,100,9.09,PF,1702613713
24,Ilulissat,69.2167,-51.1,-11.99,56,75,7.2,GL,1702613594
25,Margaret River,-33.95,115.0667,23.35,40,3,5.1,AU,1702613653
26,Sherbakul',54.6316,72.3963,-26.16,85,43,2.49,RU,1702613714
27,Puerto Deseado,-47.7503,-65.8938,17.09,35,50,12.85,AR,1702613929
28,Magadan,59.5667,150.8,-14.59,70,61,3.9,RU,1702613456
29,Bilibino,68.0546,166.4372,-25.89,87,3,3.64,RU,1702613672
30,Alegrete,-29.7831,-55.7919,24.15,92,100,3.42,BR,1702613715
31,Undurkhaan,47.3194,110.6556,-20.02,93,100,1.03,MN,1702613715
32,Waitangi,-43.9535,-176.5597,13.79,76,97,2.24,NZ,1702613669
33,Port-Aux-Francais,-49.35,70.2167,6.15,88,83,11.78,TF,1702613578
34,College,64.8569,-147.8028,-29.39,69,20,0.0,US,1702613398
35,Keflavik,64.0049,-22.5624,3.24,81,75,15.43,IS,1702613666
36,Isafjordur,66.0755,-23.124,0.38,70,78,17.44,IS,1702613598
37,Bredasdorp,-34.5322,20.0403,16.22,66,63,1.33,ZA,1702613579
38,Lebu,-37.6167,-73.65,10.52,89,7,0.79,CL,1702613624
39,Villa Huidobro,-34.8383,-64.5869,19.49,90,77,0.82,AR,1702613717
40,Tir Pul,34.5943,61.269,4.78,69,100,3.66,AF,1702613717
41,Pontes E Lacerda,-15.2261,-59.3353,25.41,69,39,0.9,BR,1702613717
42,Port Blair,11.6667,92.75,30.02,79,40,5.14,IN,1702613333
43,Cuatro Cienegas De Carranza,26.9833,-102.0833,14.97,96,70,1.67,MX,1702613718
44,Novoorsk,51.381,58.9813,-20.64,71,100,4.13,RU,1702613718
45,Sinabang,2.4803,96.3801,26.8,81,99,0.57,ID,1702613719
46,Yellowknife,62.456,-114.3525,-19.71,84,40,1.54,CA,1702613578
47,Bariadi,-2.8,33.9833,17.89,95,50,2.08,TZ,1702613719
48,Midvagur,62.0511,-7.1939,5.46,81,75,6.69,FO,1702613720
49,Vilcun,-38.65,-72.2333,4.41,98,0,1.58,CL,1702613720
50,Lisala,2.15,21.5167,19.61,76,75,0.84,CD,1702613720
51,Bangar,16.8936,120.4243,30.58,52,19,2.79,PH,1702613721
52,Albany,42.6001,-73.9662,1.41,71,25,0.89,US,1702613606
53,Ambovombe,-25.1667,46.0833,27.45,63,1,2.82,MG,1702613721
54,Charters Towers,-20.1,146.2667,27.78,62,100,7.06,AU,1702613722
55,Utrik,11.2278,169.8474,27.18,78,80,8.3,MH,1702613680
56,Nadi,-17.8,177.4167,28.0,69,75,3.09,FJ,1702613881
57,Puerto Quijarro,-17.7833,-57.7667,27.23,59,95,0.93,BO,1702613774
58,Gorgan,36.8387,54.4348,6.98,93,100,3.09,IR,1702613722
59,Ushuaia,-54.8,-68.3,4.82,98,100,2.86,AR,1702613499
60,Stanley,54.868,-1.6985,5.85,88,40,3.6,GB,1702613660
61,Ishigaki,24.3448,124.1572,26.07,73,40,4.12,JP,1702613723
62,Jacobina,-11.1806,-40.5183,18.94,98,95,1.94,BR,1702613724
63,San Antonio De Pale,-1.4014,5.6325,27.01,82,14,2.83,GQ,1702613672
64,Fortaleza,-3.7227,-38.5247,28.93,70,40,7.2,BR,1702613724
65,Ketchikan,55.3422,-131.6461,7.99,70,100,8.75,US,1702613724
66,Dili,-8.5586,125.5736,30.14,76,82,5.74,TL,1702613725
67,Tiksi,71.6872,128.8694,-16.03,97,100,3.71,RU,1702613596
68,Khandyga,62.6667,135.6,-35.58,98,100,0.87,RU,1702613693
69,Naze,28.3667,129.4833,24.51,68,18,6.08,JP,1702613933
70,Leh,34.1667,77.5833,-5.78,50,100,0.77,IN,1702613725
71,Manismata,-2.4667,111.0333,33.38,49,68,0.96,ID,1702613726
72,Tazovsky,67.4667,78.7,-26.62,100,97,1.45,RU,1702613692
73,Dalandzadgad,43.5708,104.425,-18.89,72,100,6.75,MN,1702613933
74,Vernon,50.2581,-119.2691,1.53,100,53,2.57,CA,1702613717
75,Zhosaly,45.4878,64.0781,-7.76,34,100,12.55,KZ,1702613728
76,Westport,41.1415,-73.3579,4.34,64,0,5.14,US,1702613728
77,Port Mathurin,-19.6833,63.4167,26.15,76,11,7.21,MU,1702613671
78,Lerwick,60.1545,-1.1494,9.0,80,100,9.7,GB,1702613348
79,Invercargill,-46.4,168.35,18.2,67,76,9.25,NZ,1702613684
80,St. John'S,47.5649,-52.7093,-5.18,73,35,2.68,CA,1702613552
81,Kantabanji,20.4833,82.9167,20.67,56,2,1.96,IN,1702613730
82,Thompson,55.7435,-97.8558,0.09,55,20,6.69,CA,1702613664
83,Al Qunaytirah,33.1259,35.8246,8.24,72,29,1.7,SY,1702613730
84,Ust'-Uda,54.1742,103.0304,-25.02,93,100,1.13,RU,1702613731
85,Sesimbra,38.4445,-9.1015,11.03,73,19,4.69,PT,1702613731
86,Yatou,37.15,122.3833,-0.97,81,100,10.64,CN,1702613455
87,Brookings,44.3114,-96.7984,5.1,77,40,5.66,US,1702613201
88,Taoudenni,22.6783,-3.9836,17.63,21,0,4.83,ML,1702613686
89,Ad Dabbah,18.05,30.95,16.23,41,55,3.97,SD,1702613732
90,Flying Fish Cove,-10.4217,105.6791,28.82,61,97,3.09,CX,1702613732
91,Syumsi,57.1111,51.6149,-11.99,83,100,3.38,RU,1702613733
92,Biryusinsk,55.9634,97.8235,-19.16,90,100,2.96,RU,1702613733
93,Coyhaique,-45.5752,-72.0662,8.97,76,75,2.57,CL,1702613733
94,Nova Sintra,14.8667,-24.7167,22.03,78,100,4.01,CV,1702613633
95,Hermanus,-34.4187,19.2345,15.26,74,1,3.73,ZA,1702613499
96,Iqaluit,63.7506,-68.5145,-14.15,71,75,8.23,CA,1702613677
97,Alice Springs,-23.7,133.8833,35.75,16,34,8.23,AU,1702613657
98,Holualoa,19.6228,-155.9522,22.65,78,20,13.38,US,1702613734
99,Bethel,41.3712,-73.414,2.58,67,0,0.45,US,1702613580
100,Rampur,28.8167,79.0333,16.57,28,13,1.75,IN,1702613734
101,Mount Gambier,-37.8333,140.7667,18.79,44,39,5.81,AU,1702613732
102,Olonkinbyen,70.9221,-8.7187,-1.54,81,98,9.82,SJ,1702613606
103,Iskateley,67.6803,53.1512,-20.55,97,80,3.58,RU,1702613337
104,Mhamid,29.82,-5.72,12.09,24,0,3.55,MA,1702613735
105,Okhotsk,59.3833,143.3,-17.95,87,100,8.77,RU,1702613736
106,Quellon,-43.1167,-73.6167,11.17,92,100,7.35,CL,1702613736
107,Kayangel,8.0823,134.7173,28.39,79,100,8.96,PW,1702613737
108,Ofunato,39.0717,141.7167,4.17,94,100,2.15,JP,1702613737
109,Ouro Preto Do Oeste,-10.7481,-62.2158,23.47,95,95,0.93,BR,1702613521
110,Rio Grande,-32.035,-52.0986,23.3,91,100,2.98,BR,1702613737
111,Wynyard,-41.0,145.7167,18.25,44,58,7.03,AU,1702613359
112,Puerto Penasco,31.3167,-113.5333,18.02,34,7,4.61,MX,1702613738
113,Deqen,29.9618,90.7188,6.17,15,1,5.01,CN,1702613739
114,Tazacorte,28.629,-17.9293,19.54,74,100,4.12,ES,1702613739
115,Pilar Do Sul,-23.8131,-47.7164,19.16,75,5,2.07,BR,1702613740
116,Corner Brook,48.9667,-57.9484,-5.55,76,92,4.79,CA,1702613296
117,Meulaboh,4.1363,96.1285,27.07,84,94,0.84,ID,1702613740
118,Kodiak,57.79,-152.4072,-8.27,86,0,3.09,US,1702613652
119,Arno,60.1167,18.6333,-11.16,93,92,2.82,SE,1702613741
120,Cole Harbour,44.6724,-63.4751,-3.29,79,56,1.79,CA,1702613723
121,Anqing,30.5092,117.0506,2.27,86,100,6.41,CN,1702613741
122,Sultandagi,38.5311,31.2281,9.42,59,99,3.32,TR,1702613741
123,Gadzhiyevo,69.2551,33.3362,-14.33,98,74,5.49,RU,1702613741
124,Samana,19.2056,-69.3369,24.56,77,100,5.78,DO,1702613742
125,Edinburgh Of The Seven Seas,-37.0676,-12.3116,15.64,92,53,9.92,SH,1702613664
126,Temirlanovka,42.5994,69.2633,0.77,70,100,1.76,KZ,1702613742
127,Halvad,23.0167,71.1833,23.67,39,0,3.43,IN,1702613742
128,Watsa,3.0372,29.5355,14.58,75,9,1.0,CD,1702613742
129,Tolanaro,-25.0319,46.9987,25.83,75,5,4.82,MG,1702613695
130,Issenye,-2.0,34.3333,17.28,96,35,1.11,TZ,1702613743
131,Kavaratti,10.5669,72.642,28.46,71,100,3.26,IN,1702613631
132,Kushiro,42.975,144.3747,-2.47,63,75,3.09,JP,1702613743
133,Lonar,19.9833,76.5333,21.37,49,0,2.8,IN,1702613743
134,Nova Soure,-11.2333,-38.4833,21.76,95,98,3.05,BR,1702613743
135,Saint-Philippe,-21.3585,55.7679,28.77,80,22,5.03,RE,1702613671
136,Talnakh,69.4865,88.3972,-24.89,99,100,2.68,RU,1702613639
137,Udachny,66.4167,112.4,-30.31,82,98,2.26,RU,1702613618
138,Tieli,46.95,128.05,-16.77,62,100,4.56,CN,1702613744
139,Saipan,15.1355,145.701,30.39,66,40,9.77,MP,1702613314
140,Ust-Nera,64.5667,143.2,-22.95,96,100,3.14,RU,1702613686
141,Castillos,-34.1667,-53.8333,19.59,94,100,2.3,UY,1702613692
142,Antsiranana,-12.2787,49.2917,27.43,73,62,6.48,MG,1702613668
143,As Samawah,31.332,45.2944,13.22,50,0,4.24,IQ,1702613744
144,Susuman,62.7833,148.1667,-22.23,97,100,3.13,RU,1702613745
145,Dudinka,69.4058,86.1778,-24.07,94,82,8.05,RU,1702613745
146,Rongelap,11.1635,166.8941,27.37,80,74,8.41,MH,1702613795
147,Badger,64.8,-147.5333,-28.69,74,40,0.0,US,1702613670
148,Enewetak,11.3474,162.3373,27.67,81,94,9.24,MH,1702613649
149,Staryye Ozinki,51.1786,49.6769,-9.81,57,8,5.62,RU,1702613745
150,Shenjiamen,29.9576,122.298,11.66,83,95,11.42,CN,1702613745
151,Mar Del Plata,-38.0023,-57.5575,19.01,90,100,13.86,AR,1702613706
152,Coquimbo,-29.9533,-71.3436,14.85,88,0,2.06,CL,1702613746
153,Fort Bragg,35.139,-79.006,1.56,77,0,0.0,US,1702613593
154,Glazov,58.1394,52.6584,-13.4,92,100,3.09,RU,1702613746
155,Qaqortoq,60.7167,-46.0333,-19.68,73,2,3.4,GL,1702613590
156,Portland,45.5234,-122.6762,9.49,82,75,4.02,US,1702613838
157,Mahdishahr,35.7108,53.3556,0.35,84,89,2.26,IR,1702613746
158,George Town,5.4112,100.3354,30.96,78,40,3.6,MY,1702613746
159,Ouesso,1.6136,16.0517,20.52,71,100,0.5,CG,1702613747
160,Kaa-Khem,51.6833,94.7333,-26.51,94,100,0.57,RU,1702613747
161,Cestos City,5.46,-9.5828,25.61,83,0,2.95,LR,1702613388
162,Aktau,43.65,51.2,-9.68,87,41,3.58,KZ,1702613941
163,Palm Valley,30.1775,-81.3876,18.35,81,100,8.2,US,1702613747
164,Briare,47.6334,2.7438,6.97,93,100,2.63,FR,1702613747
165,Chernyshevskiy,63.0128,112.4714,-31.42,94,100,2.72,RU,1702613730
166,Puerto Gaitan,4.3133,-72.0816,26.52,66,100,2.91,CO,1702613748
167,Pont Rouge,48.8833,-72.0825,-2.84,87,97,4.45,CA,1702613748
168,Haiku-Pauwela,20.9219,-156.3051,21.69,70,75,11.32,US,1702613638
169,Chinde,26.8418,88.0763,14.55,53,3,1.93,NP,1702613748
170,At Taj,24.2049,23.2857,12.04,39,0,2.69,LY,1702613748
171,Capao Da Canoa,-29.7456,-50.0097,23.04,93,100,3.25,BR,1702613748
172,Gering,41.8258,-103.6605,-1.6,93,0,2.06,US,1702613575
173,Nuuk,64.1835,-51.7216,-8.66,57,40,2.06,GL,1702613673
174,Recreo,-29.2818,-65.061,26.32,80,30,5.34,AR,1702613749
175,Tura,25.5198,90.2201,20.68,54,7,0.48,IN,1702613397
176,Uturoa,-16.7333,-151.4333,27.64,82,81,8.34,PF,1702613598
177,Harper,4.375,-7.7169,26.26,83,0,3.92,LR,1702613942
178,Kalkaman,51.9525,76.0211,-22.28,82,28,2.62,KZ,1702613749
179,Shimoda,34.6667,138.95,17.2,92,100,9.5,JP,1702613942
180,Vilyuchinsk,52.9306,158.4028,-2.85,76,99,10.71,RU,1702613749
181,Korla,41.7597,86.1469,-9.56,48,1,2.11,CN,1702613750
182,Hamilton,39.1834,-84.5333,5.55,57,0,0.0,US,1702613518
183,Senekal,-28.3197,27.6208,18.32,74,100,2.04,ZA,1702613750
184,Pucallpa,-8.3791,-74.5539,25.02,94,40,1.54,PE,1702613750
185,Banda Aceh,5.5577,95.3222,24.89,93,100,1.0,ID,1702613750
186,Fortuna,40.5982,-124.1573,8.53,96,0,0.0,US,1702613456
187,Punta Arenas,-53.15,-70.9167,5.06,87,0,1.03,CL,1702613390
188,Kargil,34.5667,76.1,-5.6,40,100,0.13,IN,1702613750
189,Margate,51.3813,1.3862,7.39,93,27,1.34,GB,1702613751
190,Igarape,-20.0703,-44.3017,23.46,65,19,1.32,BR,1702613751
191,Ribeira Brava,32.65,-17.0667,19.35,70,100,4.44,PT,1702613751
192,Georgetown,5.4112,100.3354,30.96,78,40,3.6,MY,1702613637
193,Hithadhoo,-0.6,73.0833,28.18,73,18,2.34,MV,1702613751
194,Jingdezhen,29.2947,117.2079,9.48,89,100,2.91,CN,1702613751
195,Minas De Marcona,-15.2119,-75.1103,16.35,84,38,3.18,PE,1702613839
196,Boende,-0.2167,20.8667,22.02,88,62,0.75,CD,1702613752
197,Tofol,5.3248,163.0078,27.88,83,100,3.09,FM,1702613752
198,East London,-33.0153,27.9116,16.52,88,0,3.6,ZA,1702613683
199,Las Tablas,7.7667,-80.2833,25.65,99,52,6.4,PA,1702613752
200,El Bauga,18.262,33.9081,15.85,59,0,4.08,SD,1702613753
201,Walvis Bay,-22.9575,14.5053,15.05,86,92,2.64,NA,1702613653
202,Hobyo,5.3505,48.5268,26.54,75,20,7.38,SO,1702613753
203,Kamaishi,39.2667,141.8833,3.77,97,100,1.54,JP,1702613467
204,Cabras,39.93,8.5314,9.64,87,0,3.0,IT,1702613753
205,Miandrivazo,-19.5167,45.4667,29.1,69,50,1.1,MG,1702613753
206,Kasamwa,-2.85,32.4333,18.91,93,100,1.38,TZ,1702613753
207,Port Elizabeth,-33.918,25.5701,16.84,93,20,3.6,ZA,1702613595
208,Constantia,44.1833,28.65,4.38,88,100,8.18,RO,1702613754
209,Hilo,19.7297,-155.09,22.27,85,100,6.17,US,1702613697
210,Suncho Corral,-27.9336,-63.4294,29.4,60,96,5.72,AR,1702613754
211,Kristiansund,63.1115,7.732,5.36,81,75,3.09,NO,1702613754
212,Kyparissia,37.2511,21.6736,16.49,90,16,4.57,GR,1702613754
213,Howrah,22.5892,88.3103,19.0,72,11,2.57,IN,1702613754
214,Radford,37.1318,-80.5764,2.53,66,0,1.54,US,1702613755
215,Petropavlovsk-Kamchatsky,53.0452,158.6483,-3.67,73,40,12.07,RU,1702613698
216,Jamestown,42.097,-79.2353,5.77,60,0,6.17,US,1702613628
217,Port Lincoln,-34.7333,135.8667,19.66,53,6,6.6,AU,1702613755
218,Baki,-7.6128,110.7839,31.87,45,37,4.82,ID,1702613755
219,Santa Isabel,-23.3156,-46.2214,21.61,93,11,1.19,BR,1702613755
220,Saint Croix,17.7397,-64.7388,24.42,78,20,2.57,VI,1702613946
221,Galliano,29.4422,-90.2992,15.0,63,0,3.09,US,1702613946
222,Klimavichy,53.6135,31.9385,-7.83,94,100,4.78,BY,1702613756
223,Wailua Homesteads,22.0669,-159.378,22.24,67,100,11.32,US,1702613679
224,Kapuskasing,49.4169,-82.4331,4.05,81,0,8.75,CA,1702613632
225,Lihue,21.9789,-159.3672,22.58,59,100,11.32,US,1702613628
226,Pimenta Bueno,-11.6725,-61.1936,23.94,94,85,1.26,BR,1702613756
227,Guerrero Negro,27.9769,-114.0611,17.86,46,0,1.89,MX,1702613388
228,Saldanha,-33.0117,17.9442,13.03,81,0,6.61,ZA,1702613756
229,Segezha,63.7415,34.3222,-11.82,96,95,2.43,RU,1702613756
230,Mil'Kovo,55.6078,37.7956,-6.98,95,100,5.65,RU,1702613756
231,Katsuren-Haebaru,26.3369,127.8719,27.43,64,40,4.63,JP,1702613757
232,Statesboro,32.4488,-81.7832,5.89,52,0,0.0,US,1702613757
233,Mineiros,-17.5694,-52.5511,24.73,52,100,0.58,BR,1702613757
234,Harnosand,62.6323,17.9379,-12.0,94,100,1.15,SE,1702613757
235,Sola,-13.8833,167.55,26.06,64,99,6.54,VU,1702613757
236,San Patricio,28.017,-97.5169,18.91,91,72,6.03,US,1702613757
237,Kegen,43.0197,79.2203,-17.13,69,23,3.76,KZ,1702613757
238,Palmer,42.1584,-72.3287,0.6,63,20,2.06,US,1702613566
239,Batabano,22.7164,-82.2881,23.34,78,85,8.62,CU,1702613758
240,Vorkuta,67.5,64.0,-21.0,100,95,1.8,RU,1702613697
241,Lent'Ekhi,42.7856,42.7261,5.24,57,100,3.04,GE,1702613758
242,Georgievka,49.3314,81.5761,-22.63,81,4,1.49,KZ,1702613758
243,Kingman,35.1894,-114.053,10.71,25,100,4.92,US,1702613758
244,Prineville,44.2999,-120.8345,3.95,76,0,0.0,US,1702613745
245,Mejit,10.2753,170.8646,27.36,77,82,8.97,MH,1702613759
246,Bodo,67.28,14.405,-3.08,59,40,12.86,NO,1702613759
247,Constitucion,-35.3333,-72.4167,10.1,81,0,3.95,CL,1702613759
248,Altayskoye,51.9533,85.3325,-16.81,92,88,0.37,RU,1702613759
249,Ouarzazat,30.9189,-6.8934,6.16,45,0,1.03,MA,1702613759
250,Rio San Juan,19.6439,-70.0763,21.76,80,95,5.72,DO,1702613759
251,Lompoc,34.6391,-120.4579,15.51,89,100,4.02,US,1702613687
252,Hasaki,35.7333,140.8333,14.05,83,100,4.81,JP,1702613760
253,Broken Hill,-31.95,141.4333,29.97,16,0,6.82,AU,1702613951
254,Vostochnyy,55.8167,37.8667,-8.47,93,100,4.94,RU,1702613760
255,Katabu,-4.9333,122.5167,32.64,53,71,3.06,ID,1702613760
256,Atasu,48.6814,71.6433,-12.49,61,6,5.64,KZ,1702613760
257,Longyearbyen,78.2186,15.6401,-2.09,86,75,1.54,SJ,1702613362
258,Villa Gesell,-37.2639,-56.973,19.47,96,100,6.39,AR,1702613710
259,Auki,-8.7676,160.7034,28.12,76,98,1.03,SB,1702613761
260,Lubango,-14.9172,13.4925,16.38,83,100,0.57,AO,1702613761
261,Thunder Bay,48.4001,-89.3168,8.99,61,0,6.17,CA,1702613694
262,Loiza,18.4313,-65.8802,25.99,78,40,4.12,PR,1702613761
263,Papatowai,-46.5619,169.4708,16.66,75,77,3.14,NZ,1702613668
264,Yung Shue Wan,22.2333,114.1167,28.52,82,76,0.45,HK,1702613761
265,Pisco,-13.7,-76.2167,20.03,88,0,3.09,PE,1702613953
266,Marka,1.7159,44.7717,26.65,82,21,5.28,SO,1702613762
267,San Luis De La Loma,17.2706,-100.8939,26.49,69,100,1.87,MX,1702613762
268,Vila Do Maio,15.1333,-23.2167,23.44,77,100,4.45,CV,1702613953
269,La Passe,45.5549,-0.8967,10.13,95,29,2.48,FR,1702613636
270,Sao Joao Da Barra,-21.6403,-41.0511,24.14,88,33,7.46,BR,1702613785
271,Caninde,-4.3589,-39.3117,25.16,73,100,1.45,BR,1702613763
272,Aleksandrovsk-Sakhalinskiy,50.8975,142.1561,-15.19,75,96,7.49,RU,1702613763
273,Mountain Home,43.133,-115.6912,1.35,86,100,2.57,US,1702613681
274,Kalmunai,7.4167,81.8167,26.89,84,99,4.03,LK,1702613764
275,Ola,59.5833,151.2833,-14.08,67,77,6.0,RU,1702613809
276,Willowmore,-33.2926,23.4895,11.52,73,0,1.4,ZA,1702613954
277,Pathein,16.7833,94.7333,29.83,56,18,3.73,MM,1702613765
278,Sao Felix Do Xingu,-6.6447,-51.995,23.13,99,100,1.64,BR,1702613511
279,San Andres,12.5847,-81.7006,28.01,74,40,5.14,CO,1702613765
280,Uzgen,40.7699,73.3007,-1.84,71,100,3.54,KG,1702613766
281,Inderbor,48.55,51.7833,-6.84,35,100,5.45,KZ,1702613766
282,Senillosa,-39.0,-68.4167,18.88,33,0,9.45,AR,1702613766
283,Harstad,68.799,16.5293,-2.44,45,76,6.71,NO,1702613767
284,Paraty,-23.2178,-44.7131,23.94,90,13,1.4,BR,1702613768
285,Puerto Ayora,-0.7393,-90.3518,24.12,90,75,3.25,EC,1702613650
286,Ivdel',60.6911,60.4206,-14.99,94,98,1.34,RU,1702613768
287,Santa Marta,11.2408,-74.199,28.03,69,20,3.09,CO,1702613954
288,Baukau,51.5526,7.2042,6.33,88,99,0.89,DE,1702613769
289,Remire-Montjoly,4.9167,-52.2667,25.02,94,20,0.0,GF,1702613854
290,Shar,49.5886,81.0453,-22.63,82,4,1.98,KZ,1702613769
291,Moengo,5.6167,-54.4,24.27,94,47,1.42,SR,1702613770
292,Santa Maria,-29.6842,-53.8069,23.34,93,97,2.13,BR,1702613770
293,Kijang,35.2442,129.2139,16.85,94,100,4.22,KR,1702613837
294,Manokwari,-0.8667,134.0833,29.58,70,92,4.54,ID,1702613771
295,Newman,37.3138,-121.0208,10.16,61,100,1.83,US,1702613691
296,Port Isabel,26.0734,-97.2086,20.02,89,100,0.0,US,1702613389
297,Nagqu,31.5,92.0,-7.05,58,1,3.8,CN,1702613955
298,Chegdomyn,51.1167,133.0167,-25.92,81,42,1.03,RU,1702613771
299,Ta`U,-14.2336,-169.5144,26.08,86,99,5.87,AS,1702613668
300,Gorontalo,0.5412,123.0595,32.39,58,84,1.88,ID,1702613772
301,Reggane,26.7158,0.1714,15.04,25,0,7.53,DZ,1702613956
302,Port Douglas,-16.4833,145.4667,25.29,92,100,4.77,AU,1702613383
303,Vorgashor,67.5833,63.95,-22.0,100,94,1.96,RU,1702613603
304,San Matias,-16.3667,-58.4,27.42,61,89,1.93,BO,1702613773
305,Berezovyy,51.6667,135.7,-20.45,51,0,2.77,RU,1702613773
306,Tocopilla,-22.092,-70.1979,19.56,68,62,0.55,CL,1702613956
307,Juan Griego,11.0817,-63.9655,25.06,87,55,4.18,VE,1702613773
308,Tadine,-21.55,167.8833,25.35,58,36,5.19,NC,1702613774
309,Green River,41.5286,-109.4662,-1.78,59,0,0.89,US,1702613774
310,Sao Jose Da Coroa Grande,-8.8978,-35.1478,25.14,82,83,3.32,BR,1702613957
311,Porto Franco,-6.3383,-47.3992,25.15,78,100,1.13,BR,1702613774
312,Tsiombe,-25.3,45.4833,28.77,63,2,2.52,MG,1702613630
313,Swift Current,50.2834,-107.8014,-1.55,69,100,3.09,CA,1702613665
314,Kyaikkami,16.08,97.5675,28.01,67,28,2.65,MM,1702613775
315,Queenstown,-31.8976,26.8753,13.03,80,100,2.02,ZA,1702613775
316,Port Alfred,-33.5906,26.891,16.77,95,82,0.45,ZA,1702613682
317,Samoylovka,51.184,43.7081,-7.32,77,99,7.74,RU,1702613776
318,Galappo,-4.2667,35.85,18.34,92,93,1.39,TZ,1702613776
319,Neryungri,56.6709,124.6491,-25.69,89,100,6.43,RU,1702613776
320,Sanming,26.2486,117.6186,26.49,60,0,2.55,CN,1702613777
321,Tomelilla,55.5429,13.9546,2.03,96,57,3.21,SE,1702613777
322,Bardai,11.65,7.2333,14.77,37,3,4.24,NG,1702613777
323,Aykhal,66.0,111.5,-32.1,100,96,2.65,RU,1702613763
324,Kudahuvadhoo,2.6708,72.8944,26.75,74,100,3.24,MV,1702613778
325,Lufilufi,-13.8745,-171.5986,28.88,84,99,7.84,WS,1702613778
326,Ghanzi,-21.5667,21.7833,22.29,74,100,4.05,BW,1702613778
327,Port Macquarie,-31.4333,152.9167,23.83,78,52,4.12,AU,1702613655
328,Dawesville,30.9224,-84.0091,12.6,47,100,4.63,US,1702613779
329,Chonchi,-42.6128,-73.8092,11.18,95,100,4.48,CL,1702613640
330,Cockburn Town,21.4612,-71.1419,24.94,77,25,12.49,TC,1702613640
331,Nogliki,51.8333,143.1667,-19.81,76,5,5.81,RU,1702613958
332,Havre,49.5833,0.3333,9.87,87,100,4.63,FR,1702613780
333,Mugia,43.1041,-9.2179,11.06,83,39,3.97,ES,1702613780
334,Ballesteros,18.4126,121.5152,26.9,73,33,2.75,PH,1702613780
335,Oriximina,-1.7656,-55.8661,27.15,70,86,1.82,BR,1702613781
336,Choyr,46.3611,108.3611,-22.8,91,100,4.35,MN,1702613781
337,San Justo,-30.7891,-60.5919,22.77,91,7,1.79,AR,1702613781
338,Geraldton,-28.7667,114.6,34.23,22,99,7.72,AU,1702613370
339,Jiuquan,39.7432,98.5174,-12.61,51,4,1.76,CN,1702613667
340,Kavieng,-2.5744,150.7967,28.62,77,84,3.07,PG,1702613685
341,Bellefonte,40.9134,-77.7783,3.14,52,0,4.12,US,1702613782
342,Rioja,-29.4111,-66.8507,27.92,69,4,0.43,AR,1702613782
343,Bedele,8.456,36.353,12.33,81,21,0.7,ET,1702613783
344,Sergeyevka,53.88,67.4158,-26.19,82,32,1.95,KZ,1702613783
345,Blenheim,-41.516,173.9528,27.17,35,92,8.43,NZ,1702613783
346,Arraial Do Cabo,-22.9661,-42.0278,23.54,90,29,10.7,BR,1702613534
347,Almeirim,-1.5233,-52.5817,26.35,72,47,2.27,BR,1702613784
348,Ankazoabo,-22.2833,44.5167,29.12,49,43,1.22,MG,1702613784
349,San,13.3034,-4.8956,19.49,20,4,3.68,ML,1702613687
350,Mount Pearl,47.5166,-52.7813,-5.64,73,38,3.13,CA,1702613368
351,Vung Tau,10.346,107.0843,28.43,64,83,3.23,VN,1702613785
352,Puerto Rosario,-24.45,-57.0833,25.74,77,84,2.34,PY,1702613785
353,Gizo,-8.103,156.8419,28.26,76,83,2.36,SB,1702613786
354,Howard Springs,-12.497,131.047,31.6,77,100,4.6,AU,1702613786
355,Shanhecun,44.7,127.2,-14.26,72,100,3.82,CN,1702613786
356,Mariental,-24.6333,17.9667,16.24,39,49,4.57,NA,1702613384
357,Carnarvon,-24.8667,113.6333,31.46,42,0,8.02,AU,1702613787
358,Motilla Del Palancar,39.5709,-1.9068,3.67,78,4,3.04,ES,1702613787
359,Bocaiuva,-17.1078,-43.815,23.84,43,8,3.05,BR,1702613787
360,Tvoroyri,61.5556,-6.8111,7.22,79,100,13.99,FO,1702613787
361,Agbor,6.2518,6.1934,21.29,58,23,1.0,NG,1702613788
362,Hosur,12.7167,77.8167,24.25,74,96,3.22,IN,1702613788
363,Guiratinga,-16.3494,-53.7583,26.15,53,100,1.42,BR,1702613788
364,Polyarnyy,69.1989,33.4478,-13.43,96,61,5.45,RU,1702613386
365,Yaren,-0.5472,166.916,29.25,76,100,6.02,NR,1702613789
366,Klyuchi,52.2667,79.1667,-21.06,81,32,1.29,RU,1702613789
367,Nsanje,-16.92,35.262,25.3,80,97,1.05,MW,1702613790
368,Mkushi,-13.6202,29.3939,18.25,95,99,1.17,ZM,1702613790
369,San Julian,21.0167,-102.1667,13.44,69,98,1.95,MX,1702613790
370,Huayin,34.5675,110.0921,-3.01,72,100,7.43,CN,1702613791
371,Burang,30.25,81.1667,-2.12,38,7,1.48,CN,1702613791
372,Ad Darb,17.7229,42.2526,25.31,66,2,0.36,SA,1702613792
373,Sitka,57.0531,-135.33,0.94,93,100,0.0,US,1702613792
374,Wangaratta,-36.3667,146.3333,29.7,26,1,4.94,AU,1702613792
375,Crane,31.3974,-102.3501,12.78,94,100,9.0,US,1702613631
376,Darwin,-12.4611,130.8418,31.64,78,75,3.6,AU,1702613793
377,Sarangani,5.4033,125.4636,28.02,76,99,8.56,PH,1702613793
378,Puerto Escondido,15.85,-97.0667,26.46,61,40,2.57,MX,1702613666
379,Khark,29.2614,50.3306,18.01,72,40,8.75,IR,1702613794
380,Barra De Santo Antonio,-9.4047,-35.5072,24.6,81,47,3.19,BR,1702613794
381,Salalah,17.0151,54.0924,24.05,33,0,7.2,OM,1702613795
382,Nova Vicosa,-17.8919,-39.3719,24.37,87,5,3.95,BR,1702613962
383,Caleta De Carquin,-11.0925,-77.6267,20.52,85,59,3.1,PE,1702613690
384,Oamaru,-45.0784,170.9801,22.99,56,72,4.32,NZ,1702613963
385,Motueka,-41.1333,173.0167,23.39,45,80,0.97,NZ,1702613795
386,Ilukste,55.9775,26.2966,-5.36,95,94,2.36,LV,1702613796
387,Port Shepstone,-30.7414,30.455,19.81,74,100,5.37,ZA,1702613796
388,Pocone,-16.2567,-56.6228,28.0,50,88,1.06,BR,1702613561
389,Mezhdurechenskiy,59.6,65.9333,-13.63,91,100,2.53,RU,1702613797
390,Uliastay,47.7417,96.8444,-26.51,82,82,0.6,MN,1702613963
391,Baley,51.6,116.6333,-25.08,82,26,1.19,RU,1702613798
392,Santa Rosalia,27.3167,-112.2833,14.3,59,0,3.56,MX,1702613798
393,Clinton,42.587,-82.9199,5.86,64,0,4.63,US,1702613798
394,Bryne,58.7354,5.6477,6.66,94,75,3.6,NO,1702613799
395,Luderitz,-26.6481,15.1594,15.09,74,0,9.26,NA,1702613799
396,San Jose Del Guaviare,2.5729,-72.6459,24.87,82,94,0.71,CO,1702613799
397,Labrador City,52.9463,-66.9114,-10.05,79,100,7.2,CA,1702613800
398,Hengchun,22.0042,120.7439,26.82,66,25,5.21,TW,1702613964
399,Melito Di Porto Salvo,37.9222,15.7714,13.63,76,78,3.6,IT,1702613800
400,Nemuro,43.3236,145.575,-1.6,59,100,5.62,JP,1702613801
401,Tamanrasset,22.785,5.5228,6.95,26,0,1.54,DZ,1702613801
402,Colonia,50.9333,6.95,7.14,90,75,3.09,DE,1702613618
403,Waingapu,-9.6567,120.2641,31.9,55,100,4.34,ID,1702613801
404,Winona,43.9666,-91.7668,5.11,60,0,0.0,US,1702613802
405,Steinbach,50.1667,8.5667,4.54,90,75,1.03,DE,1702613802
406,Dawson Creek,55.7666,-120.2362,-6.2,73,0,2.06,CA,1702613803
407,Nizhniy Kuranakh,58.8353,125.4869,-25.86,93,100,4.41,RU,1702613376
408,Buckeye,33.3703,-112.5838,13.92,34,0,3.09,US,1702613665
409,Kartuzy,54.3342,18.1974,0.68,95,75,2.06,PL,1702613803
410,Buka,40.8108,69.1986,-1.41,79,100,1.81,UZ,1702613804
411,Dwarka,22.2394,68.9678,24.31,52,0,4.1,IN,1702613804
412,Pangody,65.85,74.4859,-26.51,100,95,2.47,RU,1702613965
413,Palangkaraya,-2.2,113.8333,25.75,92,99,0.07,ID,1702613251
414,Sao Gabriel Da Cachoeira,-0.1303,-67.0892,23.84,98,100,0.6,BR,1702613804
415,Ujae,8.9322,165.7642,27.95,77,91,9.62,MH,1702613804
416,Kapa'A,22.0752,-159.319,22.99,67,100,11.32,US,1702613695
417,Bishkul,54.7803,69.1033,-28.81,69,0,2.0,KZ,1702613965
418,Hanko,59.8333,22.95,-2.79,91,95,4.92,FI,1702613805
419,Weno,7.4515,151.8468,28.36,80,90,8.49,FM,1702613805
420,Horta,38.5333,-28.6333,17.23,93,91,9.39,PT,1702613805
421,Slave Lake,55.2834,-114.769,-8.01,79,0,0.0,CA,1702613805
422,Dila,6.4167,38.3167,17.2,85,90,1.33,ET,1702613806
423,Aguas Vermelhas,-15.7472,-41.46,18.11,98,13,2.47,BR,1702613806
424,Itaituba,-4.2761,-55.9836,25.07,90,96,0.95,BR,1702613806
425,Fallon,39.4735,-118.7774,-0.05,74,100,2.57,US,1702613966
426,Cill Airne,52.05,-9.5167,6.89,87,91,2.16,IE,1702613966
427,Floro,61.5996,5.0328,6.98,81,100,7.72,NO,1702613806
428,Huanta,-12.9333,-74.25,14.23,83,100,0.21,PE,1702613806
429,Kisangani,0.5167,25.2,19.55,83,63,0.5,CD,1702613807
430,Nevesinje,43.2586,18.1133,6.48,84,77,5.07,BA,1702613807
431,Swakopmund,-22.6833,14.5333,14.99,84,84,2.24,NA,1702613807
432,Marsh Harbour,26.5412,-77.0636,22.48,73,100,14.64,BS,1702613678
433,Bungu,-7.6337,39.0582,23.56,95,70,0.46,TZ,1702613807
434,Turtas,58.9417,69.1325,-13.99,80,100,3.57,RU,1702613808
435,Palmas,-10.2128,-48.3603,25.93,83,0,1.54,BR,1702613808
436,Andergrove,-21.0833,149.1833,30.91,66,100,3.96,AU,1702613735
437,Namdrik,5.5994,168.1028,28.07,79,100,8.72,MH,1702613808
438,Masterton,-40.9597,175.6575,16.05,61,78,4.08,NZ,1702613808
439,Moyynkum,44.2914,72.9469,-13.31,79,99,10.93,KZ,1702613809
440,Auna,10.1881,4.7232,20.68,34,5,2.43,NG,1702613809
441,Kill Devil Hills,36.0307,-75.676,8.32,63,0,0.0,US,1702613809
442,Sosnovka,56.255,51.2842,-13.38,84,95,3.53,RU,1702613809
443,Lake Arrowhead,34.2483,-117.1892,9.35,37,0,0.0,US,1702613809
444,La'Ie,21.6477,-157.9253,23.98,58,7,11.48,US,1702613809
445,Praia Da Vitoria,38.7333,-27.0667,17.64,88,75,7.8,PT,1702613810
446,Ust'-Ilimsk,58.0006,102.6619,-22.22,92,100,3.0,RU,1702613810
447,Labin,45.095,14.1197,9.14,75,7,3.26,HR,1702613810
448,El Granada,37.5027,-122.4694,12.97,75,20,3.09,US,1702613480
449,'S-Hertogenbosch,51.6827,5.3006,7.35,53,86,3.11,NL,1702613810
450,Sungai Penuh,-2.0833,101.3833,26.86,58,45,1.96,ID,1702613810
451,Malango,-2.9627,119.9001,29.82,53,41,1.02,ID,1702613968
452,Prado,-17.3411,-39.2208,24.1,90,7,3.3,BR,1702613810
453,Rosetta,31.4044,30.4164,17.17,85,35,2.67,EG,1702613811
454,Mazagao,-0.115,-51.2894,28.03,91,7,1.69,BR,1702613811
455,Mosjoen,65.836,13.1908,-6.71,79,100,2.24,NO,1702613969
456,Dryden,49.7833,-92.7503,2.16,87,20,5.66,CA,1702613811
457,Laguna,38.421,-121.4238,10.91,77,0,3.09,US,1702613811
458,Hadsund,56.7148,10.1168,3.3,97,86,4.07,DK,1702613811
459,Belmonte,-15.8631,-38.8828,24.12,86,4,2.41,BR,1702613758
460,Yerofey Pavlovich,53.9667,121.9667,-24.05,66,10,1.43,RU,1702613812
461,El Calafate,-50.3408,-72.2768,7.74,77,75,3.28,AR,1702613812
462,Chilmari,25.5559,89.6715,20.94,57,7,3.6,BD,1702613812
463,Kasongo,-4.45,26.6667,20.09,99,97,0.58,CD,1702613776
464,Paradip Garh,20.3167,86.6167,22.78,45,8,4.88,IN,1702613812
465,Alofi,-19.0595,-169.9187,27.94,74,75,2.57,NU,1702613586
466,Hadibu,12.65,54.0333,25.3,73,29,6.81,YE,1702613812
467,Batang,-6.4846,110.7083,30.74,61,36,1.67,ID,1702613813
468,Thinadhoo,0.5333,72.9333,28.24,72,44,1.52,MV,1702613813
469,Saurimo,-9.6608,20.3916,17.44,98,97,0.37,AO,1702613813
470,Axim,4.8699,-2.2405,25.27,79,2,2.26,GH,1702613970
471,Taro,-8.3862,115.28,26.03,84,96,0.92,ID,1702613813
472,Union City,37.5958,-122.0192,12.97,72,0,3.09,US,1702613813
473,Nago,26.5881,127.9761,27.47,68,33,3.59,JP,1702613813
474,Kidal,18.4411,1.4078,17.0,19,94,3.77,ML,1702613386
475,Xilin Hot,43.9667,116.0333,-21.11,91,100,4.73,CN,1702613385
476,Egilsstadir,65.2653,-14.3948,1.95,51,0,8.23,IS,1702613735
477,Wongsorejo,-7.9908,114.4009,29.86,74,85,3.61,ID,1702613814
478,Cabo San Lucas,22.8909,-109.9124,24.31,62,0,1.39,MX,1702613407
479,Centralina,-18.5839,-49.1994,25.36,46,96,2.52,BR,1702613814
480,Chokwe,-24.5333,32.9833,26.25,77,61,1.82,MZ,1702613814
481,Novy Bydzov,50.2415,15.4908,3.0,94,100,3.13,CZ,1702613814
482,Baiti,13.745,-14.7482,22.27,17,4,4.56,SN,1702613814
483,Machico,32.7,-16.7667,19.35,76,75,6.69,PT,1702613814
484,Vilyuysk,63.7553,121.6247,-30.56,98,98,3.13,RU,1702613379
485,Verkhnevilyuysk,63.4453,120.3167,-27.69,96,100,3.29,RU,1702613564
486,Essaouira,31.5125,-9.77,12.72,54,20,0.51,MA,1702613815
487,Fale Old Settlement,-9.3852,-171.2468,27.25,82,100,5.77,TK,1702613689
488,Sinan,34.8262,126.1086,10.06,89,100,10.75,KR,1702613815
489,Mathba,22.2855,89.9629,21.49,43,5,3.2,BD,1702613815
490,Mantua,45.1667,10.7833,4.99,88,0,0.45,IT,1702613815
491,Taroa,8.7058,171.2275,27.64,81,84,9.0,MH,1702613816
492,Grand Falls-Windsor,48.9332,-55.6649,-6.94,76,7,2.24,CA,1702613816
493,Tumpat,6.1978,102.171,30.09,94,40,3.09,MY,1702613816
494,Oranjemund,-28.55,16.4333,14.44,90,2,5.88,NA,1702613816
495,Lev Tolstoy,53.2134,39.446,-4.26,95,100,9.08,RU,1702613816
496,El Bolson,-41.9667,-71.5167,7.87,86,86,3.3,AR,1702613816
497,Inirida,3.8653,-67.9239,24.68,92,99,0.79,CO,1702613816
498,Tongouson,5.0214,120.1328,28.66,73,53,2.62,PH,1702613816
499,Piterka,50.6803,47.4454,-9.66,57,61,4.97,RU,1702613817
500,Magherafelt,54.7536,-6.6066,7.55,83,100,3.55,GB,1702613817
501,Kirkmichael,54.2856,-4.5875,9.88,68,94,6.03,IM,1702613817
502,Qandala,11.472,49.8728,24.5,68,6,1.69,SO,1702613817
503,Huarmey,-10.0681,-78.1522,20.62,86,38,2.9,PE,1702613817
504,Christchurch,-43.5333,172.6333,27.4,39,100,10.29,NZ,1702613765
505,Rodolfo Sanchez Taboada,31.7167,-116.5667,15.69,36,8,2.05,MX,1702613817
506,Hotan,37.0997,79.9269,-6.64,47,6,0.87,CN,1702613817
507,Putla Villa De Guerrero,17.0333,-97.9333,21.75,68,100,2.05,MX,1702613818
508,Foumbot,5.5079,10.6356,17.83,58,6,0.67,CM,1702613818
509,Nar'Yan-Mar,67.6713,53.087,-20.5,97,79,3.58,RU,1702613818
510,Arteche,12.2645,125.4048,28.16,81,88,4.68,PH,1702613818
511,Mrakovo,52.7161,56.6244,-10.13,65,100,4.13,RU,1702613818
512,Bayanhongor,46.7167,100.1167,-28.61,76,30,0.77,MN,1702613818
513,Port-Vila,-17.7338,168.3219,28.78,58,40,5.66,VU,1702613783
514,Papao,-17.75,-149.55,28.82,75,100,10.23,PF,1702613976
515,Bludenz,47.1497,9.8167,4.15,88,100,2.68,AT,1702613819
516,Pangai,-19.8,-174.35,28.06,78,40,6.69,TO,1702613976
517,Toliara,-23.35,43.6667,29.17,64,19,0.92,MG,1702613683
518,Crawfordsville,40.0411,-86.8745,2.54,74,0,2.06,US,1702613819
519,Kailua-Kona,19.6406,-155.9956,24.72,76,20,13.38,US,1702613538
520,Gamba,-2.65,10.0,24.86,90,94,1.18,GA,1702613819
521,Woolgoolga,-30.1106,153.2007,22.93,77,87,5.19,AU,1702613819
522,Merritt Island,28.5392,-80.672,21.16,68,75,9.26,US,1702613819
523,Kununurra,-15.7667,128.7333,38.99,32,100,2.57,AU,1702613874
524,Dawei,14.0833,98.2,32.04,49,29,0.93,MM,1702613977
525,Asosa,10.0667,34.5333,15.09,46,4,2.24,ET,1702613820
526,Tromso,69.6496,18.957,-4.99,58,7,8.23,NO,1702613977
527,Kirensk,57.7853,108.1119,-24.55,95,100,3.15,RU,1702613820
528,Colesberg,-30.72,25.0972,11.35,75,10,5.36,ZA,1702613820
529,Ashland,40.8167,-82.2665,3.3,74,15,3.15,US,1702613820
530,Qashyr,53.0675,76.1036,-22.71,88,23,1.59,KZ,1702613820
531,Kuqa,41.7278,82.9364,-7.28,61,78,1.19,CN,1702613821
532,Nampula,-15.1165,39.2666,24.97,83,20,3.6,MZ,1702613821
533,Sakaiminato,35.55,133.2333,22.99,64,75,8.23,JP,1702613821
534,Akureyri,65.6835,-18.0878,-0.04,86,75,8.23,IS,1702613821
535,Sillamae,59.3997,27.7547,-6.27,92,98,0.96,EE,1702613822
536,Eureka,40.8021,-124.1637,8.68,92,67,2.34,US,1702613531
537,Puerto Madero,14.7208,-92.4215,25.11,100,0,0.0,MX,1702613822
538,Vila Franca Do Campo,37.7167,-25.4333,18.27,99,59,7.01,PT,1702613822
539,Gobabis,-22.45,18.9667,19.81,20,83,3.89,NA,1702613662
540,Rockport,28.0206,-97.0544,19.0,91,100,6.17,US,1702613823
541,Kebili,33.7044,8.969,12.12,55,71,3.01,TN,1702613823
542,Adam,22.3756,57.5233,18.41,53,3,2.37,OM,1702613824
543,Batticaloa,7.7102,81.6924,27.07,82,98,4.42,LK,1702613824
544,Kantagi,43.5264,68.5775,-1.92,28,100,6.45,KZ,1702613824
545,Lensk,60.7253,114.9278,-25.85,91,100,5.38,RU,1702613825
546,Lexington,37.9887,-84.4777,2.29,63,0,2.06,US,1702613777
547,La Gi,10.6667,107.7833,29.68,57,98,3.85,VN,1702613790
548,Luganville,-15.5333,167.1667,27.28,59,69,4.12,VU,1702613979
549,Barentu,15.1139,37.5928,17.94,67,1,2.08,ER,1702613826
550,Llanes,43.4198,-4.7549,12.08,75,77,3.32,ES,1702613826
551,Kimbe,-5.5502,150.1429,30.24,72,87,2.72,PG,1702613827
552,Marysville,48.0518,-122.1771,8.41,92,100,0.89,US,1702613827
553,Umm Kaddadah,13.6017,26.6876,13.41,35,68,5.61,SD,1702613827
554,Sogndal,61.2283,7.1003,0.21,100,100,1.03,NO,1702613828
555,Wuwei,37.9281,102.6414,-10.18,40,72,1.33,CN,1702613828
556,Touros,-5.1989,-35.4608,25.56,81,41,5.14,BR,1702613979
557,Fort Mcmurray,56.7268,-111.381,-3.23,68,0,2.57,CA,1702613736
558,Zinjibar,13.1287,45.3807,23.88,77,77,2.08,YE,1702613662
559,Jincheng,35.5022,112.8328,-7.41,82,98,9.0,CN,1702613829
